{
  "item-states": [
    {
      "folded": false,
      "id": "mount-assets"
    },
    {
      "folded": false,
      "id": "29f52784-2fca-467b-92e7-8fd9ef8c57b7"
    },
    {
      "folded": true,
      "id": "4734c20c-0db8-4eb2-92ea-e692f4d70934"
    },
    {
      "folded": true,
      "id": "7b81d4e8-ec84-4716-968d-500ac1d78a54"
    },
    {
      "folded": true,
      "id": "6aa0aa6a-ebee-4155-a088-a687a6aadec4"
    },
    {
      "folded": true,
      "id": "a8027877-d8d6-4645-97a0-52d4a0123dba"
    }
  ]
}